Rouge-L-P,Rouge-L-R,Rouge-L-F,Rouge-2-P,Rouge-2-R,Rouge-2-F
0.4294117647058823,0.14680986766874174,0.14680986766874174,0.20625,0.05996878548990446,0.05996878548990446
0.44803921568627453,0.13330719575932176,0.13330719575932176,0.1849431818181818,0.050557823871788934,0.050557823871788934
0.4617086834733895,0.13815952779743004,0.13815952779743004,0.2119401431901432,0.05888941546029119,0.058889415460291174
0.44807889822595726,0.1417636552861565,0.1417636552861565,0.2034894211180976,0.06016569681178816,0.06016569681178816
0.35846311858076585,0.11341092422892521,0.11341092422892521,0.16279153689447806,0.04813255744943053,0.04813255744943053
0.29871926548397154,0.09450910352410434,0.09450910352410434,0.13565961407873173,0.04011046454119211,0.04011046454119211
0.2789022275576899,0.08699015019293939,0.08699015019293939,0.134368723013681,0.038830511556849474,0.038830511556849474
0.2722931255835669,0.08444254860395088,0.08444254860395088,0.1352437635893518,0.0385726225206682,0.0385726225206682
0.2653716671853928,0.08178016335559417,0.08178016335559417,0.1379896465190583,0.03907072619121124,0.03907072619121124
0.29399626517273586,0.09317526599562624,0.09317526599562624,0.1599883009147715,0.04699414868511509,0.04699414868511509
0.28934030912640546,0.09091967121838236,0.09091967121838236,0.16101209174070139,0.04665968228783356,0.04665968228783356
0.2670143309849193,0.0838865102110534,0.0838865102110534,0.14759441742897625,0.0427713754305141,0.0427713754305141
0.24647476706300242,0.07743370173328006,0.07743370173328006,0.1362410007036704,0.03948126962816686,0.03948126962816686
0.2721996753246754,0.0859513291530332,0.0859513291530332,0.15496850488447125,0.044819134931782634,0.044819134931782634
0.2540530303030304,0.08022124054283099,0.08022124054283099,0.14463727122550651,0.04183119260299713,0.04183119260299713
0.24710328733766246,0.07770994081476856,0.07770994081476856,0.14320233687880746,0.04120087004943679,0.04120087004943679
0.2577609947722405,0.08281213854848124,0.08281213854848124,0.15073846568656254,0.044667200078411934,0.044667200078411934
0.27791125541125544,0.09025165517456177,0.09025165517456177,0.16731781018545722,0.05032025357001399,0.05032025357001399
0.2632843472317157,0.08550156806011114,0.08550156806011114,0.15851160964938052,0.047671819171592196,0.047671819171592196
0.2539383116883117,0.08232416407571023,0.08232416407571023,0.1530146005954829,0.04596850032185612,0.04596850032185612
0.2708744558429433,0.08801892102529978,0.08801892102529978,0.16677052172850487,0.050230397917151524,0.050230397917151524
0.26021487313933844,0.0843816973423316,0.0843816973423316,0.1600991343772092,0.04813272676878378,0.04813272676878378
0.2763186717374697,0.09072536960824373,0.09072536960824373,0.17348288540104392,0.05381894378945025,0.05381894378945025
0.2886326367668279,0.09506439223379194,0.09506439223379194,0.18190490983689506,0.05674773104810969,0.05674773104810969
0.27708733129615476,0.09126181654444027,0.09126181654444027,0.17462871344341926,0.0544778218061853,0.0544778218061853
0.2862491307711895,0.09499769437582546,0.09499769437582546,0.18243207960968136,0.057324636046674385,0.057324636046674385
0.2915006153976741,0.09638521718906956,0.09638521718906956,0.1870289514407161,0.05851965805065458,0.05851965805065458
0.2937668249117828,0.09779167409926073,0.09779167409926073,0.1890779091356822,0.05964854456820315,0.05964854456820315
0.3023922615023019,0.10097041425094838,0.10097041425094838,0.1939178198407407,0.061488610787048245,0.061488610787048245
0.31219638259344124,0.10427022222874155,0.10427022222874155,0.20201605828811706,0.06400190539553646,0.06400190539553646
0.3021255315420399,0.1009066666729757,0.1009066666729757,0.1954994112465649,0.061937327802132056,0.061937327802132056
0.3084739928168235,0.10330104816001487,0.10330104816001487,0.19846929571653832,0.06318322328087775,0.06318322328087775
0.2991262960647985,0.10017071336728714,0.10017071336728714,0.19245507463421896,0.061268580151154176,0.061268580151154176
0.29176661261652587,0.09772383192078006,0.09772383192078006,0.18718678812536937,0.059586611107092624,0.059586611107092624
0.2834304236846251,0.0949317224373292,0.0949317224373292,0.18183859417893025,0.05788413650403283,0.05788413650403283
0.2878360872968714,0.09563296371503444,0.09563296371503444,0.1850927469861293,0.05840992490863487,0.05840992490863487
0.2969724728548255,0.09878107527283791,0.09878107527283791,0.19203083350142172,0.0605599155298403,0.0605599155298403
0.3042485782191661,0.10126421504073607,0.10126421504073607,0.19660609514324684,0.062130492579871605,0.062130492579871605
0.30079984285866607,0.10002641585252017,0.10002641585252017,0.19335814135587892,0.06107879313184145,0.06107879313184145
0.30513430788982226,0.10116878969518782,0.10116878969518782,0.19600999368278788,0.061616774223184526,0.061616774223184526
0.3037656566691714,0.10052512991843833,0.10052512991843833,0.19482246770446207,0.06110617888246767,0.06110617888246767
0.3088214300871861,0.10253826553192089,0.10253826553192089,0.19828907961786124,0.062385443548282335,0.062385443548282335
0.3130724650406591,0.10315712655333718,0.10315712655333718,0.201263153171498,0.06281503017991551,0.06281503017991551
0.31032883949829115,0.1022235645715978,0.1022235645715978,0.19896848194140987,0.06209002872097186,0.06209002872097186
0.3034326430649958,0.09995192980334007,0.09995192980334007,0.19454696012048964,0.06071025030495026,0.06071025030495026
0.3098867623212251,0.10218567130226652,0.10218567130226652,0.19989493988534918,0.06239062992738019,0.06239062992738019
0.3081000033550095,0.10131055877356919,0.10131055877356919,0.19817478412284428,0.06172093494991241,0.06172093494991241
0.3131945479969376,0.10296945334841806,0.10296945334841806,0.20142247305390698,0.06274615951587562,0.06274615951587562
0.31924579971848865,0.10467105185853282,0.10467105185853282,0.2062917334766075,0.06394010984271975,0.06394010984271975
0.32405263315116234,0.10638794456485616,0.10638794456485616,0.20965908062525718,0.06507412665471046,0.06507412665471046
0.3271180224683683,0.10764908830045394,0.10764908830045394,0.21264754997021443,0.06614959796201829,0.06614959796201829
0.3271413938311561,0.10816410394158284,0.10816410394158284,0.21263326558434034,0.06649105613386226,0.06649105613386226
0.3314850079320111,0.1098434010363718,0.1098434010363718,0.21532872140807777,0.06750218198704637,0.06750218198704637
0.33653673139375734,0.11198775252905789,0.11198775252905789,0.21955243195439283,0.06944952305408598,0.06944952305408598
0.34062222462623515,0.11315905161241206,0.11315905161241206,0.22214036097592257,0.07017914577927852,0.07017914577927852
0.3447182563293381,0.11453883216622816,0.11453883216622816,0.22455885020091962,0.07101921251920863,0.07101921251920863
0.3481600891082313,0.11539167528775185,0.11539167528775185,0.22681953409507594,0.0714423556410277,0.0714423556410277
0.34982032518416883,0.11620807414327256,0.11620807414327256,0.2275866353896274,0.07188276888306637,0.07188276888306637
0.35318708888873374,0.11720797475202585,0.11720797475202585,0.23001648567451174,0.07251216103907664,0.07251216103907664
0.35271426952676926,0.11677252320440182,0.11677252320440182,0.2302224838070428,0.07239052412687984,0.07239052412687984
0.35622673707413316,0.11815765858288792,0.11815765858288792,0.2325661613378587,0.07330316669045013,0.07330316669045013
0.3504811445406794,0.11625188989606715,0.11625188989606715,0.22881509421950616,0.07212085755028158,0.07212085755028158
0.35372769789086284,0.11719478595349055,0.11719478595349055,0.23043134580949726,0.07246116360774343,0.07246116360774343
0.35804033117107537,0.11868279093790808,0.11868279093790808,0.23427765019906582,0.0736742485814334,0.0736742485814334
0.3547944618227421,0.1175013554321857,0.1175013554321857,0.2325003017344648,0.07301890511213324,0.07301890511213324
0.34941878815876115,0.11572103186503138,0.11572103186503138,0.2289775698900032,0.0719125580649797,0.0719125580649797
0.35393726688393035,0.1171897029469506,0.1171897029469506,0.23302025783698316,0.07310056714086943,0.07310056714086943
0.3572723775167545,0.1187363103764406,0.1187363103764406,0.23560047867357573,0.07450463184400552,0.07450463184400552
0.36070938320938295,0.11986139325989606,0.11986139325989606,0.2379147007439848,0.07521272371335845,0.07521272371335845
0.3630528315055624,0.12038484546551206,0.12038484546551206,0.2394922346561004,0.07549946138085094,0.07549946138085094
0.36592205318385906,0.12145693282026565,0.12145693282026565,0.24160947689427412,0.07638894476267646,0.07638894476267646
0.3627991013162579,0.12083882942515213,0.12083882942515213,0.23953603177867902,0.07602864757763969,0.07602864757763969
0.3650865507936416,0.12171300920327856,0.12171300920327856,0.24059700640482287,0.07645225528142242,0.07645225528142242
0.36841757893228444,0.12287680184693922,0.12287680184693922,0.2430697856065505,0.07726277257082224,0.07726277257082224
0.3715509561244851,0.1240084962382677,0.1240084962382677,0.24555043910338045,0.07807997538556596,0.07807997538556596
0.37398288061697454,0.12527144477952595,0.12527144477952595,0.2472467589814728,0.07915553291420992,0.07915553291420992
0.37527364643674754,0.12587064908832812,0.12587064908832812,0.24775947887101457,0.07944500571667766,0.07944500571667766
0.3755708545895193,0.12566359760291812,0.12566359760291812,0.2476912865289564,0.07921663786972291,0.07921663786972291
0.3713380142857056,0.12425013434212169,0.12425013434212169,0.24471418163618477,0.07826556185432214,0.07826556185432214
0.3732522531594219,0.12499282384699814,0.12499282384699814,0.24570247552692423,0.07862414245556534,0.07862414245556534
0.37531130744910657,0.12572148805196928,0.12572148805196928,0.24687540189174192,0.07903632271788787,0.07903632271788787
0.377074608099536,0.12645567704233104,0.12645567704233104,0.2479337263645013,0.07946688116179962,0.07946688116179962
0.3794595466742876,0.12738731160046296,0.12738731160046296,0.24925810487646088,0.08000902534566348,0.08000902534566348
0.38231006271972623,0.1282521448875547,0.1282521448875547,0.251758064531174,0.08069306492277536,0.08069306492277536
0.38479851636252993,0.12896998277217997,0.12896998277217997,0.25351412428402076,0.08118054097879542,0.08118054097879542
0.38592831017591595,0.1294788070927217,0.1294788070927217,0.2538812458631203,0.08138310642808436,0.08138310642808436
0.38697804111597195,0.12993560359060932,0.12993560359060932,0.2542194024141288,0.08156048974881822,0.08156048974881822
0.38818402445742,0.13043454890281395,0.13043454890281395,0.25479883112653856,0.08180068655023055,0.08180068655023055
0.3900276676763788,0.13134911633101962,0.13134911633101962,0.25594541996888354,0.08255587123475461,0.08255587123475461
0.39162200771269395,0.13188840756180303,0.13188840756180303,0.256785083652731,0.08282140518225596,0.08282140518225596
0.392823895113003,0.13232937299117073,0.13232937299117073,0.25729006180202074,0.08301958063408083,0.08301958063408083
0.39467846953061136,0.13294867999079496,0.13294867999079496,0.258534873853768,0.08343592440496722,0.08343592440496722
0.39595439673475713,0.13336273577972738,0.13336273577972738,0.2592410306855282,0.083661028370253,0.083661028370253
0.39703628887452397,0.1338453726356665,0.1338453726356665,0.2598267986706663,0.08390228620520497,0.08390228620520497
0.39672213046671223,0.13340442809745112,0.13340442809745112,0.2599571643526756,0.08368117813500871,0.08368117813500871
0.3974527618691219,0.1337315247325929,0.1337315247325929,0.2602147015566137,0.0838157613796195,0.0838157613796195
0.3991669859013701,0.13426925972887124,0.13426925972887124,0.26136447189358086,0.08415028825643273,0.08415028825643273
0.4008684489446791,0.13485430655792516,0.13485430655792516,0.26272048404776543,0.08460431409474767,0.08460431409474767
0.40236492529718876,0.13539746613602802,0.13539746613602802,0.263659214127129,0.08493192382666086,0.08493192382666086
0.4036012200218079,0.1358372987544529,0.1358372987544529,0.2643133729016086,0.08517945195217107,0.08517945195217107
0.4043110506913648,0.13617265315992777,0.13617265315992777,0.26435729990258283,0.08526636442981962,0.08526636442981962
0.4058499081336447,0.13669074704719428,0.13669074704719428,0.26537359579098385,0.08559535489462403,0.08559535489462403
0.40672618516707554,0.13702252832626272,0.13702252832626272,0.2655933051813981,0.08571152008095687,0.08571152008095687
0.40852721813129006,0.13761628852709504,0.13761628852709504,0.26680596929465744,0.08609891006387002,0.08609891006387002
0.4092020012356143,0.13771359121826351,0.13771359121826351,0.26681423618398437,0.0859939786749481,0.0859939786749481
0.4101582108851805,0.13786374764591255,0.13786374764591255,0.2671579784440497,0.08595769231991954,0.08595769231991954
0.41036546572967647,0.1377540409208491,0.1377540409208491,0.2669606083398004,0.08575053984664754,0.08575053984664754
0.41188591924294504,0.13830389587371508,0.13830389587371508,0.26804703670512514,0.08613860083819622,0.08613860083819622
0.4131945237409347,0.1388386979283394,0.1388386979283394,0.2689987256851803,0.0865172928387145,0.0865172928387145
0.41443209835322103,0.13932382292872592,0.13932382292872592,0.2698046147257379,0.08682368700148463,0.08682368700148463
0.4158616049792517,0.13975865679446192,0.13975865679446192,0.2709511273481863,0.0871663862880141,0.0871663862880141
0.4171684258639349,0.14020641039826956,0.14020641039826956,0.27190801648456603,0.08750296594442696,0.08750296594442696
0.418393720773991,0.1406635003501394,0.1406635003501394,0.27288192524983274,0.08784879480078393,0.08784879480078393
0.419592144325116,0.1410818685239501,0.1410818685239501,0.2736977704528016,0.08814178223435619,0.08814178223435619
0.4199635510837551,0.14112905390920613,0.14112905390920613,0.27346676682226567,0.08796640502120016,0.08796640502120016
0.4205488189267342,0.14133241896051527,0.14133241896051527,0.2735978657498689,0.08803138900168961,0.08803138900168961
0.4219652778231203,0.1417312848835485,0.1417312848835485,0.27450445021711994,0.0882731305632282,0.0882731305632282
0.4229233178890451,0.1420204153809914,0.1420204153809914,0.27513956901357206,0.0884402481606108,0.0884402481606108
0.42381293604785875,0.14232334809653094,0.14232334809653094,0.2756410972451507,0.08858984934769358,0.08858984934769358
0.42501125664912354,0.14274870551475433,0.14274870551475433,0.2765737507998537,0.08891427299102302,0.08891427299102302
0.4262112469580864,0.14318904466971952,0.14318904466971952,0.27760485200264,0.08927214056120238,0.08927214056120238
0.42731533808257477,0.1435318271699372,0.1435318271699372,0.27851265015922677,0.08955181743833156,0.08955181743833156
0.428336800228837,0.143927949603579,0.143927949603579,0.2793805600584653,0.08987477073161453,0.08987477073161453
0.42947116444329403,0.14431061598157305,0.14431061598157305,0.2804562456044903,0.0902162342658977,0.0902162342658977
0.4305195407860111,0.144665764348682,0.144665764348682,0.2813908740279327,0.09051012912047443,0.09051012912047443
0.4312801122132353,0.1451215476085787,0.1451215476085787,0.28198508327184785,0.09098957151461608,0.09098957151461608
0.43197246567441094,0.1451018204165907,0.1451018204165907,0.2822492614688074,0.09089081708639583,0.09089081708639583
0.4326960925231836,0.14528166075682286,0.14528166075682286,0.2824528882703284,0.09090800767949758,0.09090800767949758
0.4333287873523853,0.14549747256464834,0.14549747256464834,0.28268658065853675,0.09097957417177954,0.09097957417177954
0.4342280627868865,0.1457793300409117,0.1457793300409117,0.28312451801592065,0.09110956345062715,0.09110956345062715
0.43510013778817125,0.14610872688208698,0.14610872688208698,0.2836443151968521,0.0913120508796284,0.0913120508796284
0.4359940135374631,0.1463816830760021,0.1463816830760021,0.284076686583371,0.09143755186100976,0.09143755186100976
0.43658380497334537,0.146582733458636,0.146582733458636,0.28424951970728163,0.09148955801918379,0.09148955801918379
0.43744538068506506,0.14684708505791436,0.14684708505791436,0.28470345099734906,0.09162740843512496,0.09162740843512496
0.43863877728420253,0.14750325937805436,0.14750325937805436,0.2856686106195909,0.09223584622032985,0.09223584622032985
0.43940516603254537,0.14795329600580018,0.14795329600580018,0.2861359457655953,0.0926475222948197,0.0926475222948197
0.43995490852833097,0.1482092927542956,0.1482092927542956,0.2862593837749483,0.09276185645904528,0.09276185645904528
0.44056140890699746,0.14851628644559128,0.14851628644559128,0.28646764910991246,0.0928997973350779,0.0928997973350779
0.44154428634327103,0.1489496051467972,0.1489496051467972,0.2871760867148086,0.09319453699401335,0.09319453699401335
0.4424656036657091,0.14934619884820938,0.14934619884820938,0.28788820545700783,0.09347691997080348,0.09347691997080348
0.44360886864954485,0.14977682929423455,0.14977682929423455,0.28898704862096586,0.09383054037840141,0.09383054037840141
0.4443041754687367,0.1500754646354643,0.1500754646354643,0.2895657964998269,0.09405709476297835,0.09405709476297835
0.4446321496388345,0.15023123632941815,0.15023123632941815,0.28952061187818057,0.09409144246866707,0.09409144246866707
0.445492571607768,0.15055065508499219,0.15055065508499219,0.29038535096439483,0.09436431451048001,0.09436431451048001
0.4461009296090436,0.15081778577840793,0.15081778577840793,0.29087650415845107,0.0945625496231351,0.0945625496231351
0.44704276417914646,0.15119968450628807,0.15119968450628807,0.29165226862849714,0.09484851084241627,0.09484851084241627
0.4476166633819698,0.151424909574212,0.151424909574212,0.2921288798569707,0.09503030322634297,0.09503030322634297
0.448099375948641,0.15167171541443292,0.15167171541443292,0.29240264769676494,0.09519109853884333,0.09519109853884333
0.44867455399581374,0.15187466446356657,0.15187466446356657,0.292716069954522,0.09531785498755153,0.09531785498755153
0.44940334828570166,0.15213188682663364,0.15213188682663364,0.29320251105104006,0.0954968508168004,0.0954968508168004
0.4500606470532459,0.15238393940056147,0.15238393940056147,0.2936352055294396,0.09566570783249846,0.09566570783249846
0.4505815295385734,0.15256148125712202,0.15256148125712202,0.2939247536519204,0.09579283711140585,0.09579283711140585
0.45083198071952446,0.1527224036438928,0.1527224036438928,0.2940519662318966,0.09586997913928393,0.09586997913928393
0.45144937281969416,0.15293941469921396,0.15293941469921396,0.29458259511687657,0.09605824750725127,0.09605824750725127
0.45251230900661693,0.15320190940223685,0.15320190940223685,0.29555502261811517,0.09628124663125495,0.09628124663125495
0.45299499692740686,0.15336119184113392,0.15336119184113392,0.2957613990772923,0.09636535501774722,0.09636535501774722
0.4537836661174058,0.15375100762477714,0.15375100762477714,0.29658384577830027,0.09682529075823199,0.09682529075823199
0.45425122041233407,0.15389954013739324,0.15389954013739324,0.2967397578222221,0.09690425779973974,0.09690425779973974
0.45502835189433466,0.15410232357151876,0.15410232357151876,0.29740580929121396,0.09708010088154172,0.09708010088154172
0.45554277115858055,0.1542844562706887,0.1542844562706887,0.29786385719060304,0.09724455474835057,0.09724455474835057
0.45643382289573436,0.15451104222440507,0.15451104222440507,0.29866898857445023,0.09744350206365358,0.09744350206365358
0.45710517322990163,0.15474564941366853,0.15474564941366853,0.29918770756597496,0.09762745736071254,0.09762745736071254
0.4579922039246297,0.15505588010979882,0.15505588010979882,0.2999252355067037,0.09785375435868575,0.09785375435868575
0.4587412662560625,0.15531713627427676,0.15531713627427676,0.3005544884037525,0.09805770514403764,0.09805770514403764
0.45891500215965525,0.1551788203373847,0.1551788203373847,0.30043621500305934,0.09790603928726489,0.09790603928726489
0.45966305477733616,0.15544792984739417,0.15544792984739417,0.3011040312156536,0.09811211982557409,0.09811211982557409
0.4605778896360976,0.15575588007311045,0.15575588007311045,0.3018828972483423,0.09835260935974398,0.09835260935974398
0.461159093930891,0.15599614612866725,0.15599614612866725,0.302371264356558,0.09854792733316628,0.09854792733316628
0.4615756291413279,0.15618715970276834,0.15618715970276834,0.3025579939842031,0.09865809361459542,0.09865809361459542
0.46241046602378877,0.1566229411662054,0.1566229411662054,0.303291641893285,0.09909164000838938,0.09909164000838938
0.46313715929944094,0.15687469351521005,0.15687469351521005,0.30388163708210103,0.09927305199766978,0.09927305199766978
0.4640651124316489,0.15720728935539535,0.15720728935539535,0.3048401740758097,0.0995646379326616,0.0995646379326616
0.4647526351109325,0.15735425243810847,0.15735425243810847,0.30553756526257314,0.09969750025243199,0.09969750025243199
0.46558809438626975,0.15765203926519814,0.15765203926519814,0.3062091459644698,0.09990741040626522,0.09990741040626522
0.46652535009341817,0.15798311304057933,0.15798311304057933,0.30722507800322846,0.10021418234384613,0.10021418234384613
0.4674860739286717,0.15832022085221203,0.15832022085221203,0.30819801243765055,0.10050750013460845,0.10050750013460845
0.4679529786247142,0.15852154829997944,0.15852154829997944,0.3083235932949283,0.10060417598652013,0.10060417598652013
0.46883598551518324,0.1588224450961991,0.1588224450961991,0.30918975288315903,0.10086675083762354,0.10086675083762354
0.4696113620468705,0.15914288669298635,0.15914288669298635,0.31000484084323937,0.10115461547144268,0.10115461547144268
0.47011497357943505,0.15938333714651556,0.15938333714651556,0.31050417202622976,0.10135112023366913,0.10135112023366913
0.4707522703346565,0.15963135900011535,0.15963135900011535,0.31093661890054364,0.10151200548665183,0.10151200548665183
0.471120093456067,0.15984015880918714,0.15984015880918714,0.31104986615409896,0.10160813777246806,0.10160813777246806
0.4715459019087281,0.16002743550136056,0.16002743550136056,0.31128537700379433,0.10172209957558152,0.10172209957558152
0.4719988419952461,0.16025321885450183,0.16025321885450183,0.3115077271407182,0.10184414984969582,0.10184414984969582
0.4724411565293925,0.160454319152241,0.160454319152241,0.311829668344373,0.1019816142965198,0.1019816142965198
0.47299030801758574,0.16066825350500855,0.16066825350500855,0.3121872731158772,0.10211707263260304,0.10211707263260304
0.47353489691253203,0.16090598008811588,0.16090598008811588,0.31260526932436206,0.10227764997834915,0.10227764997834915
0.4742570773163708,0.16117556715848044,0.16117556715848044,0.31319361515622335,0.10247383025553582,0.10247383025553582
0.47472513822070367,0.16136830057924698,0.16136830057924698,0.3135424212419997,0.10261034961221592,0.10261034961221592
0.47508911105234686,0.16155295452919471,0.16155295452919471,0.31396395825536555,0.10277762058797588,0.10277762058797588
0.47567604310790373,0.16180629844924044,0.16180629844924044,0.31443746467576017,0.10296322390230368,0.10296322390230368
0.47623179444296215,0.16202744910655306,0.16202744910655306,0.31484744498760897,0.10311649791847194,0.10311649791847194
0.4767657310517723,0.16224630804720963,0.16224630804720963,0.315244873357871,0.10326818360286642,0.10326818360286642
0.47743726718332574,0.16251161831508787,0.16251161831508787,0.3158284172114509,0.10346371027716081,0.10346371027716081
0.47812373770857974,0.16275510930877743,0.16275510930877743,0.31640963900352886,0.1036466051668607,0.1036466051668607
0.47846743863212987,0.1628045046779218,0.1628045046779218,0.3164909617693215,0.10361664600360582,0.10361664600360582
0.4788474630856689,0.16293316713723793,0.16293316713723793,0.31666232617785156,0.10368371528379469,0.10368371528379469
0.47923746221428964,0.16300801593899344,0.16300801593899344,0.3169463521145768,0.10374119670974011,0.10374119670974011
0.47975458914750996,0.16315765927352427,0.16315765927352427,0.31738747314530463,0.10386484497433277,0.10386484497433277
0.4803142218076045,0.16335192683530972,0.16335192683530972,0.3178880532865809,0.10402687260261803,0.10402687260261803
0.48093136016424026,0.16350284058356818,0.16350284058356818,0.31853032178207585,0.1041771347006391,0.1041771347006391
0.481505178636804,0.16363791087528626,0.16363791087528626,0.3190624891917098,0.10429678849600069,0.10429678849600069
0.48205402565334515,0.16377300442801557,0.16377300442801557,0.3195190405959006,0.10440077488219325,0.10440077488219325
0.48274887029861124,0.16395749817183067,0.16395749817183067,0.32015962523315283,0.10455699839076771,0.10455699839076771
0.48334751065131315,0.16410958289098065,0.16410958289098065,0.32082057711935574,0.10471608976825393,0.10471608976825393
0.48363055926876647,0.16425222772216153,0.16425222772216153,0.32087380594055165,0.1047565130208112,0.1047565130208112
0.4840894952904762,0.16434964192993884,0.16434964192993884,0.3212332058708851,0.10483791636508383,0.10483791636508383
0.4844599343514083,0.16442797111284485,0.16442797111284485,0.3215604767828306,0.10490867157617821,0.10490867157617821
0.4850625615901445,0.16458167935282378,0.16458167935282378,0.3220932200129339,0.10503782206113575,0.10503782206113575
0.4856483693321935,0.16470928364388096,0.16470928364388096,0.3226455352537267,0.1051587397403542,0.1051587397403542
0.48622862439422304,0.16483567841559163,0.16483567841559163,0.3231926152789669,0.10527851128043314,0.10527851128043314
0.4868034053518937,0.1649608807837956,0.1649608807837956,0.32373453417189363,0.10539715290032264,0.10539715290032264
0.48720793655238614,0.16508470700072836,0.16508470700072836,0.3240591824404979,0.10549692693408624,0.10549692693408624
0.48737727039163325,0.16517736865486832,0.16517736865486832,0.3241198931863427,0.10553701446903707,0.10553701446903707
0.48789197711393406,0.1653949293240701,0.1653949293240701,0.3245841951026611,0.10570007719561553,0.10570007719561553
0.48840191803325056,0.16561047554263114,0.16561047554263114,0.32504419792716177,0.10586163008213308,0.10586163008213308
0.4886577689576479,0.1657529267728455,0.1657529267728455,0.32515462990218835,0.10593055216887731,0.10593055216887731
0.48905649168095294,0.1659090658604351,0.1659090658604351,0.32549885088976915,0.10604255514683511,0.10604255514683511
0.4896060823931502,0.16609446606921713,0.16609446606921713,0.3260019713625658,0.10621547008613665,0.10621547008613665
0.48955751642148804,0.16614441017017537,0.16614441017017537,0.32584454898191345,0.10619959803391438,0.10619959803391438
0.4895122417803424,0.16619529147275583,0.16619529147275583,0.3256508438475415,0.1061752636136686,0.1061752636136686
0.4896131089881101,0.1662850513016363,0.1662850513016363,0.32552818387377025,0.10616991719120279,0.10616991719120279
0.4897130715572431,0.16637400610962993,0.16637400610962993,0.3254066239894499,0.10616461871871427,0.10616461871871427
0.48969249147065697,0.16641338531728583,0.16641338531728583,0.32522795430817836,0.10613331389947128,0.10613331389947128
0.48968259144631815,0.16645069430188156,0.16645069430188156,0.3250205697715484,0.10609241080207836,0.10609241080207836
0.4897660464282678,0.16653480215736893,0.16653480215736893,0.3248451894424027,0.10606993000047238,0.10606993000047238
0.48981939754840886,0.16660792412252007,0.16660792412252007,0.32467135431439487,0.10604764726760302,0.10604764726760302
0.489972553640318,0.16677093387372505,0.16677093387372505,0.32475358666244725,0.10622310900767322,0.10622310900767322
0.4903306878782103,0.16700842803002933,0.16700842803002933,0.32504746124383765,0.10645859795809796,0.10645859795809796
0.49047982555239733,0.16713147296911296,0.16713147296911296,0.3250653708326326,0.10650755419459412,0.10650755419459412
0.49053078888545043,0.1671491052222585,0.1671491052222585,0.32498918971416896,0.10649280490949863,0.10649280490949863
0.4905826812428629,0.1671790792263452,0.1671790792263452,0.32491463123308795,0.10648223956854441,0.10648223956854441
0.49069979366337796,0.16722377487713005,0.16722377487713005,0.32493223003258176,0.10648964760676863,0.10648964760676863
0.49088185814241825,0.16727814532552046,0.16727814532552046,0.32503013989250623,0.10651443520301257,0.10651443520301257
0.49105663679944245,0.16731385788895023,0.16731385788895023,0.3250680610934036,0.10651417771921198,0.10651417771921198
0.4912687068525825,0.16735540880083533,0.16735540880083533,0.3251430487646822,0.10652148900343392,0.10652148900343392
0.4913030187387993,0.1673909726873186,0.1673909726873186,0.32510136987333393,0.10652993604782958,0.10652993604782958
0.49136731910644676,0.16744172058418755,0.16744172058418755,0.3250547891239298,0.10653698804962353,0.10653698804962353
0.4913803184126865,0.16747662572775734,0.16747662572775734,0.32500859817159183,0.10654398103885014,0.10654398103885014
0.491482920844137,0.1675261155105543,0.1675261155105543,0.3250964726994122,0.10657797866166328,0.10657797866166328
0.4917480172242834,0.16760953244914825,0.16760953244914825,0.3252344316180643,0.1066289551311429,0.1066289551311429
0.49195334428441206,0.16767332663482348,0.16767332663482348,0.3253151907375274,0.10666735668570702,0.10666735668570702
0.4923206185070776,0.16777905781911764,0.16777905781911764,0.3256122955287789,0.10675672853625831,0.10675672853625831
0.49263536042737166,0.1678794082179858,0.1678794082179858,0.32589405444817515,0.10684069382990968,0.10684069382990968
0.4930060564352311,0.16799268083077748,0.16799268083077748,0.32615794552919225,0.10691646585594547,0.10691646585594547
0.4933737386544087,0.168105032528018,0.168105032528018,0.3264196911542661,0.10699162184924925,0.10699162184924925
0.4937795790248784,0.16820821208063905,0.16820821208063905,0.32670968175403575,0.10706616929199997,0.10706616929199997
0.4938080754897672,0.16822628503897424,0.16822628503897424,0.3266177192641833,0.10705038348705505,0.10705038348705505
0.49409674295571104,0.168322253478264,0.168322253478264,0.326861471697579,0.10712397034810255,0.10712397034810255
0.49438310108192735,0.16841745417003942,0.16841745417003942,0.3271032741115076,0.10719696851426165,0.10719696851426165
0.49468377773569044,0.16851189629056565,0.16851189629056565,0.3273493993247314,0.10726938502172627,0.10726938502172627
0.4950851206514749,0.16861141409110078,0.16861141409110078,0.3276580552902313,0.1073483129628051,0.1073483129628051
0.49560369982132635,0.16877577622191936,0.16877577622191936,0.32814114974513525,0.1075019039993996,0.1075019039993996
0.49574028796585806,0.16882978053130357,0.16882978053130357,0.3281404175889451,0.10750346745645692,0.10750346745645692
0.49579159479505774,0.16885798291011844,0.16885798291011844,0.32796831103664814,0.10747344216086073,0.10747344216086073
0.49609895102599877,0.168948018369145,0.168948018369145,0.3281835888082996,0.10753439587710945,0.10753439587710945
0.49648807161024194,0.1690699596404461,0.1690699596404461,0.3285423039359847,0.10763036609540833,0.10763036609540833
0.4969083754822497,0.16919886577137483,0.16919886577137483,0.3289289230807679,0.1077336672939271,0.1077336672939271
0.49724505025975896,0.16929773309480392,0.16929773309480392,0.32917293125276126,0.10780210311866668,0.10780210311866668
0.4975767760708401,0.16938641471070154,0.16938641471070154,0.32938505612034835,0.10785995720981228,0.10785995720981228
0.497897092389996,0.16948791194211169,0.16948791194211169,0.32967601411059644,0.10795129463256811,0.10795129463256811
0.4978849121990151,0.16950659418414998,0.16950659418414998,0.3295263964631369,0.10792558605377027,0.10792558605377027
0.4980346612308173,0.16957187006390628,0.16957187006390628,0.32963648565331455,0.10797640846130277,0.10797640846130277
0.49836468307391085,0.16966416969907175,0.16966416969907175,0.3299495222172343,0.10805615681740735,0.10805615681740735
0.49843263728502674,0.1697008925876141,0.1697008925876141,0.32981651413698954,0.10802191517658163,0.10802191517658163
0.4984960933213951,0.16971811697761233,0.16971811697761233,0.3297574391368601,0.10800663208116032,0.10800663208116032
0.49888249996313766,0.1698393072316071,0.1698393072316071,0.3300623709843784,0.10810097668437539,0.10810097668437539
0.49913396268642424,0.1699114982440362,0.1699114982440362,0.3301705854688168,0.10812211620805584,0.10812211620805584
0.4992709382606638,0.16994772535111216,0.16994772535111216,0.3302246673619387,0.10812792520496893,0.10812792520496893
0.49945192461859456,0.16999109151665426,0.16999109151665426,0.3303378724579687,0.10814880833024955,0.10814880833024955
0.4997447288981942,0.17004918632105365,0.17004918632105365,0.330592055997687,0.10820694159712164,0.10820694159712164
0.49972354959055104,0.17004685822034823,0.17004685822034823,0.3304555130747263,0.10817334863909031,0.10817334863909031
0.499723484875395,0.17006682421801086,0.17006682421801086,0.3303757708928991,0.10816258407630606,0.10816258407630606
0.4996712829892338,0.1700720459383183,0.1700720459383183,0.33024046253946254,0.10813700161743607,0.10813700161743607
0.4996194607531538,0.17007722968247804,0.17007722968247804,0.3301061382467783,0.1081116052128124,0.1081116052128124
0.49956801404052364,0.1700823758632743,0.1700823758632743,0.3299727873185338,0.10808639284010631,0.10808639284010631
0.49949888824278604,0.1700770208054921,0.1700770208054921,0.329799297114012,0.10804972000005438,0.10804972000005438
0.4994559534836755,0.1700788985179098,0.1700788985179098,0.3296270550404581,0.10801331099338411,0.10801331099338411
0.49942316556168836,0.17008694247586942,0.17008694247586942,0.3294528474722957,0.10797716298317744,0.10797716298317744
0.49931778270749144,0.17006385439799687,0.17006385439799687,0.32919378730513044,0.1079072595676015,0.1079072595676015
0.49973640935856,0.17020369170954078,0.17020369170954078,0.329609339791461,0.10803794980034712,0.10803794980034712
0.4999060445360537,0.1702772898258292,0.1702772898258292,0.3296964225108766,0.10808355383816567,0.10808355383816567
0.49981147801481696,0.1702544418976754,0.1702544418976754,0.3295396333556265,0.10804650618777394,0.10804650618777394
0.4999205372954883,0.17030393130924668,0.17030393130924668,0.3295714354514568,0.10807637755497512,0.10807637755497512
0.5000288312478742,0.1703530734267016,0.1703530734267016,0.32960301437468476,0.10810603929854683,0.10810603929854683
0.5001569355675204,0.17040886489997856,0.17040886489997856,0.32963437246628174,0.1081354936173383,0.1081354936173383
0.5002841471741377,0.17046426758250097,0.17046426758250097,0.3296655120345924,0.10816474267955285,0.10816474267955285
0.5004006033624628,0.17051234107972807,0.17051234107972807,0.329653032578123,0.10818160538741234,0.10818160538741234
0.5005203244580946,0.170567002303618,0.170567002303618,0.32963446054250917,0.10819835139833163,0.10819835139833163
0.5007395948372143,0.1706564501298065,0.1706564501298065,0.3297986931087829,0.10827245318388828,0.10827245318388828
0.5007579107268341,0.17068134968515247,0.17068134968515247,0.32975315677180295,0.10828058994326371,0.10828058994326371
0.500834857544419,0.17072092282023996,0.17072092282023996,0.32976399070979906,0.10830170655694973,0.10830170655694973
0.5007618698807744,0.17071841195464796,0.17071841195464796,0.32954762571631535,0.10825320345213925,0.10825320345213925
0.5009653609195952,0.1708050978292076,0.1708050978292076,0.3296603160078536,0.10830575772589582,0.10830575772589582
0.5010975867768018,0.17089368538299873,0.17089368538299873,0.32975743507074373,0.10835698638521193,0.10835698638521193
0.5011790834033508,0.17096698577059208,0.17096698577059208,0.3297136116897132,0.10837627113069324,0.10837627113069324
0.5012600312310679,0.17103979255288176,0.17103979255288176,0.32967008341562565,0.10839542601256862,0.10839542601256862
0.501311073368666,0.17110033629659963,0.17110033629659963,0.329612465686043,0.10840846000837197,0.10840846000837197
0.5014139086534846,0.17116783586929646,0.17116783586929646,0.32957573821679526,0.10842893190386894,0.10842893190386894
0.5012196531409795,0.1711409675248271,0.1711409675248271,0.329292430200517,0.10837078987645357,0.10837078987645357
0.5009029179243688,0.170971224843509,0.170971224843509,0.32887574122184104,0.10817903222640919,0.10817903222640919
0.5006016714100108,0.1708026062859082,0.1708026062859082,0.32847008991852056,0.10798854449457701,0.10798854449457701
0.5005522030063408,0.1707195277694429,0.1707195277694429,0.32835000161295885,0.1078936092513095,0.1078936092513095
0.500892761537356,0.17084147394907737,0.17084147394907737,0.32857805611893126,0.10798477804272405,0.10798477804272405
0.5011790136093442,0.1709426807024419,0.1709426807024419,0.3287640218990253,0.10806168780381241,0.10806168780381241
0.5014633947527575,0.17104322597375832,0.17104322597375832,0.32894877221650437,0.1081380948867237,0.1081380948867237
0.5018584491608566,0.1711774039006019,0.1711774039006019,0.32927953329802206,0.10824308749817814,0.10824308749817814
0.502161695972098,0.1712896537257681,0.1712896537257681,0.3294759046339437,0.10832517354041783,0.10832517354041783
0.5025050555447501,0.1714240832929313,0.1714240832929313,0.32979101574546893,0.10844130095906206,0.10844130095906206
0.5025204587474541,0.17145414738680514,0.17145414738680514,0.3297113479499614,0.10843504007715034,0.10843504007715034
0.5027787760597039,0.17154585375373366,0.17154585375373366,0.3299426994731502,0.10852040121974887,0.10852040121974887
0.5031520498418153,0.1716902256794622,0.1716902256794622,0.33025181031261225,0.10862784185441254,0.10862784185441254
0.503431085452795,0.1718009598119661,0.1718009598119661,0.3304539711056332,0.10870702103971432,0.10870702103971432
0.5037083437668896,0.17191098863152415,0.17191098863152415,0.3306548442502909,0.10878569589899506,0.10878569589899506
0.5037224038022391,0.1719582070541602,0.1719582070541602,0.3305658417213028,0.10879332449814633,0.10879332449814633
0.5038484529090949,0.17204398960625553,0.17204398960625553,0.33060398477794134,0.10883481078247474,0.10883481078247474
0.5041217707108909,0.17215221048810703,0.17215221048810703,0.3308024836856707,0.10891233796251068,0.10891233796251068
0.5044657428217397,0.1722648471078963,0.1722648471078963,0.3311638415536853,0.10902432328952136,0.10902432328952136
0.5047116704826957,0.17234096886688352,0.17234096886688352,0.3314020711754891,0.10910103155565828,0.10910103155565828
0.5049069300797279,0.17240385976283623,0.17240385976283623,0.33158184148878006,0.1091707499784652,0.1091707499784652
0.5051962635586916,0.17249344807430922,0.17249344807430922,0.3318717511948676,0.10926752164914175,0.10926752164914175
0.5055686293216016,0.1726075781746956,0.1726075781746956,0.3321752537287332,0.10936014678501012,0.10936014678501012
0.5057752539301931,0.17266286757840166,0.17266286757840166,0.3323303207597957,0.10941755238296379,0.10941755238296379
0.5060196991038531,0.1727841281122532,0.1727841281122532,0.3325226434029533,0.10950990076892331,0.10950990076892331
0.5062473307989181,0.17286118114783414,0.17286118114783414,0.33265425871262916,0.10955987901357865,0.10955987901357865
0.5064107126183128,0.17292633772942062,0.17292633772942062,0.3327328462918046,0.10959703029767456,0.10959703029767456
0.506511933081014,0.1729777996955633,0.1729777996955633,0.3327891096131782,0.10962945714506256,0.10962945714506256
0.5066392131750402,0.1730396453446253,0.1730396453446253,0.3328580960676096,0.10966713051864244,0.10966713051864244
0.506765719529893,0.1731011150322948,0.1731011150322948,0.3329266631514973,0.10970457487475374,0.10970457487475374
0.5068914591795649,0.1731622121764027,0.1731622121764027,0.3329948146773009,0.10974179229537345,0.10974179229537345
0.5070166612162833,0.1732185052422885,0.1732185052422885,0.3330735240560632,0.10977968398852,0.10977968398852
0.5070571789567668,0.17322695903563734,0.17322695903563734,0.33301745834191754,0.10976519196527798,0.10976519196527798
0.5072585617438602,0.1733204636445264,0.1733204636445264,0.3330881194851779,0.10980615697706078,0.10980615697706078
0.5072226037728899,0.1733070549931944,0.1733070549931944,0.33290808756817875,0.10975539299010369,0.10975539299010369
0.5071748644975203,0.17328081421024244,0.17328081421024244,0.33278622263016433,0.10971825829773825,0.10971825829773825
0.5071202474288126,0.17328449152718897,0.17328449152718897,0.33265217166411976,0.10969336582272694,0.10969336582272694
0.5071400742447215,0.17328765548713637,0.17328765548713637,0.3325525364116301,0.10966723328206339,0.10966723328206339
0.5071425733884443,0.1732746628144464,0.1732746628144464,0.33242954030828165,0.10962614188325845,0.10962614188325845
0.5070498795986864,0.1732386830752129,0.1732386830752129,0.3322306196030815,0.10956950876839822,0.10956950876839822
0.5069333963326217,0.1731981102689216,0.1731981102689216,0.3321131318940572,0.10953346689274905,0.10953346689274905
0.5068127656082672,0.17317286546968638,0.17317286546968638,0.33192320746357284,0.10948192631004462,0.10948192631004462
0.506737897823428,0.17315014503257747,0.17315014503257747,0.3318280962959753,0.10945583223384767,0.10945583223384767
0.5067392037448669,0.1731326229795968,0.1731326229795968,0.33175369812546096,0.10942983926887405,0.10942983926887405
0.5069092207239903,0.17316928608728116,0.17316928608728116,0.3318562275190609,0.10945936841139335,0.10945936841139335
0.5070782520974374,0.1732057366552108,0.1732057366552108,0.3319581625393646,0.10948872637047777,0.10948872637047777
0.5072463064109225,0.173241976526216,0.173241976526216,0.3320595083398977,0.10951791463037673,0.10951791463037673
0.5076282205109162,0.17334027274873653,0.17334027274873653,0.3324057881853696,0.10961097564446134,0.10961097564446134
0.5079899799321742,0.17343304963109593,0.17343304963109593,0.33275007791678707,0.10970350182513168,0.10970350182513168
0.508330564036787,0.17351944722952625,0.17351944722952625,0.33309239464114765,0.10979549776980964,0.10979549776980964
0.5083519004804754,0.17352445606871605,0.17352445606871605,0.3330337935174073,0.10977925827280825,0.10977925827280825
0.508662579529853,0.17362613012292108,0.17362613012292108,0.33333044678632956,0.10986202223794729,0.10986202223794729
0.5088683033210141,0.17373131445488507,0.17373131445488507,0.333542157346887,0.11000661437743876,0.11000661437743876
0.5091227837734705,0.1737941078750861,0.1737941078750861,0.3337491603547265,0.11005598842320695,0.11005598842320695
0.5092685589999932,0.17382633564694225,0.17382633564694225,0.33392430067716755,0.11009757679995676,0.11009757679995676
0.5094056224774984,0.17385838185388658,0.17385838185388658,0.334064474189164,0.11013478837392124,0.11013478837392124
0.5096708413172015,0.17392188655534124,0.17392188655534124,0.33429978839182467,0.11020109001765184,0.11020109001765184
0.5100014246065938,0.17401114656648523,0.17401114656648523,0.33463440147758056,0.11029203022760403,0.11029203022760403
0.5102050104430603,0.17404715723769354,0.17404715723769354,0.3348683694577967,0.11032901554985476,0.11032901554985476
0.5105561106925226,0.17414615070355866,0.17414615070355866,0.3352183725526761,0.11042489924745497,0.11042489924745497
0.5106788656604869,0.1741850280559301,0.1741850280559301,0.3353544614426975,0.11046087234001245,0.11046087234001245
0.510861696149707,0.17422765318952776,0.17422765318952776,0.33550315213546517,0.11049494878081607,0.11049494878081607
0.5111699538409845,0.17432143688913537,0.17432143688913537,0.33580090597843365,0.11058145468616669,0.11058145468616669
0.5114765131427783,0.17441470387414457,0.17441470387414457,0.336097019304361,0.1106674839749589,0.1106674839749589
0.511854109449055,0.1745273660317955,0.1745273660317955,0.3365082638757503,0.11078132111833756,0.11078132111833756
0.5122296367344752,0.17463941086255516,0.17463941086255516,0.3369172550522278,0.11089453449654704,0.11089453449654704
0.5125211447451118,0.1747508434264801,0.1747508434264801,0.33725422680822975,0.11100712922241657,0.11100712922241657
0.5129056305931643,0.17487122941493358,0.17487122941493358,0.3376808522326645,0.11112884176605092,0.11112884176605092
0.5132208912943445,0.17498142642537962,0.17498142642537962,0.33803038666629726,0.11124018785952576,0.11124018785952576
0.5132544421676453,0.17494696981314725,0.17494696981314725,0.33799069374750984,0.11119859808758449,0.11119859808758449
0.5132318489671468,0.17494542121965584,0.17494542121965584,0.33795982839365313,0.11119136792660508,0.11119136792660508
0.5134470009141047,0.17500052381198813,0.17500052381198813,0.33819181485762395,0.11124803876503128,0.11124803876503128
0.5135742894044638,0.17505533015382405,0.17505533015382405,0.3383381123146317,0.1112988045631075,0.1112988045631075
0.5137020218387548,0.1751044806975804,0.1751044806975804,0.3384913588881825,0.11134929815851308,0.11134929815851308
0.5138722957209546,0.1751493339197423,0.1751493339197423,0.33860246142135236,0.11137176330511685,0.11137176330511685
0.5139479079743823,0.1751662448782834,0.1751662448782834,0.3386455110902184,0.11137678837616748,0.11137678837616748
0.5139940638601111,0.17517688082801483,0.17517688082801483,0.338688331771484,0.11138178671811678,0.11138178671811678
0.5140281332803606,0.17518746035360974,0.17518746035360974,0.3387254842208828,0.11138675854366316,0.11138675854366316
0.5141205180595976,0.17521644089807994,0.17521644089807994,0.3388340043347061,0.11141689932654478,0.11141689932654478
0.5142144108413742,0.17524742368101076,0.17524742368101076,0.3389131382482709,0.11143745776077944,0.11143745776077944
0.5142971670357546,0.17527298023876828,0.17527298023876828,0.33899404865001,0.11145790799272866,0.11145790799272866
0.5143918402116682,0.17530761201651085,0.17530761201651085,0.33909562543884153,0.1114876247026504,0.1114876247026504
0.5144736986527525,0.17533287720921334,0.17533287720921334,0.3391756345107532,0.11150783653824944,0.11150783653824944
0.5145776556162865,0.17536717175320676,0.17536717175320676,0.3392785379776643,0.11153726770779164,0.11153726770779164
0.5146187753856682,0.17540128767978355,0.17540128767978355,0.33932784982072844,0.11156654558999247,0.11156654558999247
0.5145928804452528,0.17539646718126667,0.17539646718126667,0.33925997481001474,0.11154872835966667,0.11154872835966667
0.5147314513054801,0.17543984938431334,0.17543984938431334,0.33941343624119635,0.11158994109764994,0.11158994109764994
0.5149242065504076,0.1754965613364692,0.1754965613364692,0.3395762559374068,0.11163179390430727,0.11163179390430727
0.5150747455369616,0.17554403402225346,0.17554403402225346,0.33965869819739763,0.1116551569126456,0.1116551569126456
0.5151686681557811,0.17557494688295217,0.17557494688295217,0.33972961693531206,0.11167380927753305,0.11167380927753305
0.5153306647475241,0.17561002656501942,0.17561002656501942,0.33987716550669217,0.11170444133222493,0.11170444133222493
0.5154673318632664,0.17564278089281238,0.17564278089281238,0.34001827982458527,0.11173652859917119,0.11173652859917119
0.5156033016978061,0.17567536810668805,0.17567536810668805,0.34015867417146867,0.1117684521555718,0.1117684521555718
0.5157385795739002,0.17570778948232513,0.17570778948232513,0.34029835404330433,0.11180021325112559,0.11180021325112559
0.5156676367700223,0.1757029719710168,0.1757029719710168,0.3402018845591573,0.11178225438225815,0.11178225438225815
0.5155771971265312,0.17568784560494788,0.17568784560494788,0.3400765183563043,0.11175383792116557,0.11175383792116557
0.5155070201510752,0.17568299971629983,0.17568299971629983,0.33994727593658264,0.11172556497755325,0.11172556497755325
0.515588330213279,0.1757274609036432,0.1757274609036432,0.3399986054470071,0.11175340983774307,0.11175340983774307
0.5157053981588462,0.17578252030049848,0.17578252030049848,0.34010943091788687,0.11179876002306674,0.11179876002306674
0.5158458976769502,0.17584093597948058,0.17584093597948058,0.34018867091677985,0.11183497581756516,0.11183497581756516
0.5159870223118428,0.17589245642934132,0.17589245642934132,0.34037129304519204,0.11188714198567212,0.11188714198567212
0.5161629751680403,0.17594097289221663,0.17594097289221663,0.3405675224242796,0.1119354430401444,0.1119354430401444
0.5163542095971901,0.17599138164731176,0.17599138164731176,0.3408054194610405,0.11199295408839503,0.11199295408839503
0.5165504030425251,0.17605146579320047,0.17605146579320047,0.34097451719934047,0.11203912691379408,0.11203912691379408
0.5167397317866927,0.17610135150272338,0.17610135150272338,0.34121022911518906,0.11209609661063345,0.11209609661063345
0.5169281255740991,0.17616086740627335,0.17616086740627335,0.34144142525351895,0.11215782402829468,0.11215782402829468
0.5170320035015091,0.17619007598058717,0.17619007598058717,0.3415223397654237,0.11218151676052165,0.11218151676052165
0.5171799110903428,0.17623157849285473,0.17623157849285473,0.3416382718789158,0.11221035315583976,0.11221035315583976
0.5173049077165226,0.17626502979812989,0.17626502979812989,0.34175183636689055,0.11223681691160811,0.11223681691160811
0.5174320115676309,0.1762982152881548,0.1762982152881548,0.3418185625479262,0.11225167066750597,0.11225167066750597
0.5175609435336782,0.17634905100983242,0.17634905100983242,0.34193423050327865,0.11228900655914038,0.11228900655914038
0.5176262739988174,0.17639477317568675,0.17639477317568675,0.34200193773991766,0.11232616076760384,0.11232616076760384
0.5176912873257764,0.17644027338927967,0.17644027338927967,0.3420693163006507,0.11236313461583203,0.11236313461583203
0.5176801503993088,0.17644008922364024,0.17644008922364024,0.3420329530215965,0.11235231149672435,0.11235231149672435
0.5178994154523369,0.17650626416114323,0.17650626416114323,0.34226502673860104,0.11241390857978704,0.11241390857978704
0.5181176238063142,0.17657212018328478,0.17657212018328478,0.34249598202805376,0.11247520880943739,0.11247520880943739
0.5183147510303846,0.17662294216450355,0.17662294216450355,0.34270543068514164,0.11252619830080417,0.11252619830080417
0.5185137540725366,0.1766783165582824,0.1766783165582824,0.34290959250386055,0.11257694323825551,0.11257694323825551
0.5187089904240846,0.17672864131381352,0.17672864131381352,0.3431170495155179,0.11262744537696308,0.11262744537696308
0.5188772866596408,0.17677385517235755,0.17677385517235755,0.3432801229180938,0.11266776214348906,0.11266776214348906
0.5190679266400497,0.17681817571474467,0.17681817571474467,0.343494213225308,0.11271780756033317,0.11271780756033317
0.5192345707884632,0.17686218875734244,0.17686218875734244,0.3436598576582182,0.11275771816126194,0.11275771816126194
0.5193788550970678,0.1769108292649671,0.1769108292649671,0.3438216395551936,0.1128073132301168,0.1128073132301168
0.5195214721827791,0.17694618485558034,0.17694618485558034,0.34393865009895697,0.11283581439932752,0.11283581439932752
0.5196495430724701,0.1769766566934077,0.1769766566934077,0.34405510870619316,0.11286418112906083,0.11286418112906083
0.5198227741056403,0.1770184674380917,0.1770184674380917,0.34422528657425083,0.11290337169240738,0.11290337169240738
0.5199163964254696,0.17705332137390456,0.17705332137390456,0.34429479665291823,0.11293144665981077,0.11293144665981077
0.5200511378399115,0.17709895625994143,0.17709895625994143,0.3444106548194599,0.11296570412954803,0.11296570412954803
0.5201550340519153,0.17712705483594804,0.17712705483594804,0.34445037837750403,0.11297325191601004,0.11297325191601004
0.5199849077915316,0.1770372485183491,0.1770372485183491,0.34421743766920876,0.11286562542340055,0.11286562542340055
0.5199152894469181,0.1770182003157427,0.1770182003157427,0.3441220059959823,0.11283679889273378,0.11283679889273378
0.5198592902723111,0.17700132530833318,0.17700132530833318,0.34408039805303586,0.11282175427854617,0.11282175427854617
0.5197955128017019,0.17697781881779906,0.17697781881779906,0.3440126573945021,0.1127965668970495,0.1127965668970495
0.5197037276012553,0.17695442090227897,0.17695442090227897,0.34391767346376334,0.11276668446111786,0.11276668446111786
0.519676261900435,0.17694523783655297,0.17694523783655297,0.3438618989591499,0.11274654034670357,0.11274654034670357
0.519620200261843,0.1769378811337614,0.1769378811337614,0.34379052644823677,0.1127270522926756,0.1127270522926756
0.5195689599212532,0.1769333652834023,0.1769333652834023,0.3437187591857408,0.11270709148192477,0.11270709148192477
0.5195081656592218,0.1769262562204547,0.1769262562204547,0.34366396081297385,0.11269255024324272,0.11269255024324272
0.5194663018153743,0.17692383901698752,0.17692383901698752,0.3436253608211731,0.11268283187170838,0.11268283187170838
0.5194167193051613,0.17691483020459617,0.17691483020459617,0.3435610311049167,0.11266310819729747,0.11266310819729747
0.5193664072425692,0.1769104077958975,0.1769104077958975,0.3434904378524055,0.11264347417595207,0.11264347417595207
0.5192335574419995,0.17688041090121082,0.17688041090121082,0.34332232280561853,0.11259919708271911,0.11259919708271911
0.5191349311950774,0.1768530925622286,0.1768530925622286,0.34323177746454536,0.11257036965071894,0.11257036965071894
0.5190865443974177,0.1768443247920592,0.1768443247920592,0.34316891705352975,0.11255107793323497,0.11255107793323497
0.5192425792367746,0.1769107491799734,0.1769107491799734,0.34331698495301677,0.11260239306510093,0.11260239306510093
0.5194444970408205,0.17695417741748568,0.17695417741748568,0.3435029144498766,0.1126417874978746,0.1126417874978746
0.5196307881807997,0.1770078395256609,0.1770078395256609,0.34362470234783193,0.11267032835749256,0.11267032835749256
0.5197740122805837,0.17704615728224765,0.17704615728224765,0.3437625762329695,0.11270050956254052,0.11270050956254052
0.5199207001908467,0.17708753896706905,0.17708753896706905,0.3438784432406437,0.11272727346704074,0.11272727346704074
0.5200667347028457,0.17712873632367301,0.17712873632367301,0.34399379413692516,0.11275391815593072,0.11275391815593072
0.5202121201725692,0.17716975058091428,0.17716975058091428,0.3441086323625564,0.11278044442398118,0.11278044442398118
0.5203568609173714,0.1772105829567487,0.1772105829567487,0.3442229613277636,0.1128068530589139,0.1128068530589139
0.5204829894259142,0.1772450025387264,0.1772450025387264,0.34428588122286313,0.112817607653153,0.112817607653153
0.5206301002285204,0.1772886878034192,0.1772886878034192,0.3444455743725344,0.1128568029822185,0.1128568029822185
0.5207765629659169,0.17733218062201203,0.17733218062201203,0.3446045640281543,0.11289582564463609,0.11289582564463609
0.5208784258671051,0.1773754822633803,0.1773754822633803,0.34472004049961646,0.11293467677886723,0.11293467677886723
0.5209091792331516,0.17739634633716309,0.17739634633716309,0.34472443995131946,0.11294433274558498,0.11294433274558498
0.521008753383246,0.17743382592752688,0.17743382592752688,0.3448404335542346,0.11297603581515119,0.11297603581515119
0.5210356935263736,0.17743039269277017,0.17743039269277017,0.3448098285537305,0.11297086744402929,0.11297086744402929
0.5211515845903177,0.17746184334941853,0.17746184334941853,0.34489624709876804,0.11299223804757803,0.11299223804757803
0.5212629998355619,0.17747408785141938,0.17747408785141938,0.344998135478477,0.11300639875823348,0.11300639875823348
0.5213853079895489,0.1775129257229126,0.1775129257229126,0.3450422042796384,0.1130159788728919,0.1130159788728919
0.5215703240871863,0.17758048467497212,0.17758048467497212,0.34515026776056457,0.11304658654886657,0.11304658654886657
0.5216498619585821,0.17761574725757673,0.17761574725757673,0.34519210137397416,0.1130676089849876,0.1130676089849876
0.5217721604426011,0.1776508578462908,0.1776508578462908,0.3452757385482754,0.11308854080715984,0.11308854080715984
0.5218939329116352,0.1776858174217201,0.1776858174217201,0.3453590159927947,0.1131093825999894,0.1131093825999894
0.5220151827520467,0.17772062695605312,0.17772062695605312,0.345441936023389,0.11313013494306433,0.11313013494306433
0.5220368230718953,0.1777458535514636,0.1777458535514636,0.345472344848056,0.11315079841100831,0.11315079841100831
0.5220325518234251,0.17774885033282556,0.17774885033282556,0.3454030358083929,0.11313462632477667,0.11313462632477667
0.5220050669727626,0.1777515979764731,0.1777515979764731,0.3453437948954092,0.11312348787510158,0.11312348787510158
0.5220115719123776,0.17775355435839899,0.17775355435839899,0.3453159610866145,0.1131123968230847,0.1131123968230847
0.5220032184570947,0.17775088690633906,0.17775088690633906,0.34525197512131084,0.11309198606278362,0.11309198606278362
0.5219949003978088,0.17774823075704207,0.17774823075704207,0.3451882602829788,0.113071661788755,0.113071661788755
0.5219916673869773,0.17775973378621407,0.17775973378621407,0.345093102378424,0.11305142345246011,0.11305142345246011
0.5219619732926307,0.17776197646985814,0.17776197646985814,0.344998345984015,0.11303127050998925,0.11303127050998925
0.5219618528476037,0.17777460837809989,0.17777460837809989,0.34495730454616164,0.1130260876743596,0.1130260876743596
0.5219752677343431,0.17778746682604846,0.17778746682604846,0.34493750167007964,0.11302467811595045,0.11302467811595045
0.5220550135160369,0.17779312013053186,0.17779312013053186,0.34496753814826586,0.11302637458958897,0.11302637458958897
0.5220670053598233,0.1778104728379576,0.1778104728379576,0.3449207839839788,0.11302003076567872,0.11302003076567872
0.5220977027850954,0.17781931714926352,0.17781931714926352,0.34489361066022256,0.11301371342955098,0.11301371342955098
0.5221160174024682,0.17782327964803205,0.17782327964803205,0.3448665505586487,0.1130074224156571,0.1130074224156571
0.5222984795612212,0.1778633822286099,0.1778633822286099,0.3450405974048533,0.11304735760602519,0.11304735760602519
0.522480184615581,0.17790331840843845,0.17790331840843845,0.34521392206497414,0.11308712709020917,0.11308712709020917
0.5224920261453494,0.17790739639291378,0.17790739639291378,0.34518636686795506,0.1130807231557791,0.1130807231557791
0.5226593851019516,0.1779518815290882,0.1779518815290882,0.345343064743286,0.11312025936616532,0.11312025936616532
0.5226918902249329,0.1779784958768735,0.1779784958768735,0.3453349841823185,0.11312600187006071,0.11312600187006071
0.5227505292907058,0.1779971088562009,0.1779971088562009,0.3453600382040858,0.11313498957559658,0.11313498957559658
0.5227736690823945,0.17800302747516916,0.17800302747516916,0.3453460096626567,0.11313420341630744,0.11313420341630744
0.522874060551247,0.1780299833626113,0.1780299833626113,0.3453832681234466,0.1131445034640892,0.1131445034640892
0.5228357325187518,0.17802316722918154,0.17802316722918154,0.34532246341746775,0.11313137779832272,0.11313137779832272
0.522715164332204,0.1780034065582847,0.1780034065582847,0.3451355154282851,0.11309329236803346,0.11309329236803346
0.5227782219824201,0.17803440187687777,0.17803440187687777,0.3451575457043015,0.1131101192768663,0.1131101192768663
0.5227717781229788,0.1780513714198119,0.1780513714198119,0.3451271336300953,0.11311373899152853,0.11311373899152853
0.5227653604049551,0.17806827212078685,0.17806827212078685,0.34509684493144355,0.11311734402174993,0.11311734402174993
0.5227589686695956,0.17808510439787123,0.17808510439787123,0.3450666788591022,0.11312093445670729,0.11312093445670729
0.5227526027594294,0.17810186866575528,0.17810186866575528,0.3450366346698814,0.11312451038485673,0.11312451038485673
0.5227462625182558,0.17811856533578493,0.17811856533578493,0.3450067116265849,0.11312807189394106,0.11312807189394106
0.5227399477911312,0.17813519481599557,0.17813519481599557,0.3449769089979495,0.11313161907099688,0.11313161907099688
0.5227415330601546,0.1781488473196545,0.1781488473196545,0.3449529306953145,0.11313515200236171,0.11313515200236171
0.5227431119753942,0.17816244510385987,0.17816244510385987,0.34492904849810085,0.11313867077368099,0.11313867077368099
0.5228052015090193,0.17817475688921966,0.17817475688921966,0.3449193960288103,0.11314253984724484,0.11314253984724484
0.5228835800072682,0.17821023217835782,0.17821023217835782,0.34500758598504533,0.1131782399150001,0.1131782399150001
0.5229489088022545,0.17823235404822294,0.17823235404822294,0.3450601535829766,0.11319855260952826,0.11319855260952826
0.5230323701604782,0.17828337007589193,0.17828337007589193,0.3451402379666643,0.11323737885432963,0.11323737885432963
0.523115500322836,0.1783341836590067,0.1783341836590067,0.34522000455517865,0.11327605102673101,0.11327605102673101
0.5232405676683431,0.17838502896468103,0.17838502896468103,0.34535028554568703,0.11332273330732005,0.11332273330732005
0.5234203603928612,0.178430749925135,0.178430749925135,0.34548502438557327,0.11335612306296365,0.11335612306296365
0.5235089461383059,0.17845225552901367,0.17845225552901367,0.34552621575289766,0.11336786855380175,0.11336786855380175
0.523686923741631,0.17850553816567777,0.17850553816567777,0.3457083440079065,0.11341710742469802,0.11341710742469802
0.5237581956976909,0.17853653402779635,0.17853653402779635,0.345770986288006,0.11343874343057661,0.11343874343057661
0.5239000000813672,0.17859017183426237,0.17859017183426237,0.34592076688530227,0.11348448563834189,0.11348448563834189
0.5240412494576708,0.17864359970802207,0.17864359970802207,0.3460699612571688,0.11353004881593981,0.11353004881593981
0.5241650965884023,0.17869689859853766,0.17869689859853766,0.3462063658072702,0.11357551705340414,0.11357551705340414
0.5242905457161222,0.17874111888784716,0.17874111888784716,0.3463690416846617,0.1136214515590515,0.1136214515590515
0.5244714839165746,0.17877785974683805,0.17877785974683805,0.34657251013654344,0.11366357105179935,0.11366357105179935
0.5246102397457282,0.1787954313168823,0.1787954313168823,0.34667259791417676,0.1136800758530387,0.1136800758530387
0.524700599735364,0.17882745356364946,0.17882745356364946,0.34676478561781493,0.11370885608346502,0.11370885608346502
0.52472150687021,0.17883641191544106,0.17883641191544106,0.34679159011492305,0.1137194937813722,0.1137194937813722
0.5246554773343273,0.17882692870035877,0.17882692870035877,0.34670156823518433,0.11369807309565759,0.11369807309565759
0.5245992925665318,0.17881300114044954,0.17881300114044954,0.3466279497795165,0.11367673495593804,0.11367673495593804
0.524529587630261,0.17879634008007397,0.17879634008007397,0.3465398215723468,0.113652650831688,0.113652650831688
0.5244733390736498,0.17879557244031938,0.17879557244031938,0.34646618098760734,0.11364033216022408,0.11364033216022408
0.5244173060287498,0.1787948077417133,0.1787948077417133,0.34639282255070214,0.11362806068673513,0.11362806068673513
0.5243614872593562,0.17879404596738485,0.17879404596738485,0.3463197446431924,0.11361583614048704,0.11361583614048704
0.5243435537901133,0.17878856898367385,0.17878856898367385,0.34626064697040493,0.11359984145891927,0.11359984145891927
0.5243256886388487,0.1787831128646627,0.1787831128646627,0.34620177443160904,0.11358390770947177,0.11358390770947177
0.5243012559411242,0.1787818104058825,0.1787818104058825,0.3461616496776443,0.11357505509682353,0.11357505509682353
0.5242769159671105,0.17878051289001992,0.17878051289001992,0.3461216771997857,0.11356623608042822,0.11356623608042822
0.5243902466042006,0.1788040369721216,0.1788040369721216,0.34623025886645803,0.11358839687573838,0.11358839687573838
0.5244768401515263,0.1788296999145355,0.1788296999145355,0.34631160586389914,0.11361163471712471,0.11361163471712471
0.524616535559094,0.17887339994769824,0.17887339994769824,0.3464200752232133,0.11364489268525513,0.11364489268525513
0.5247557048069347,0.17891693538563247,0.17891693538563247,0.3465281360350347,0.11367802538796887,0.11367802538796887
0.5248858454356521,0.17895263491467772,0.17895263491467772,0.34662404248290185,0.11370711749154959,0.11370711749154959
0.5250296486840413,0.1789887378795645,0.1789887378795645,0.34674268041184214,0.11374056750915243,0.11374056750915243
0.5251649019673311,0.1790323491341953,0.1790323491341953,0.3468585331799999,0.11377779361907386,0.11377779361907386
0.5252886545786438,0.1790730884301876,0.1790730884301876,0.3469739528536972,0.11381488056596756,0.11381488056596756
0.5254119454264814,0.17911367571388145,0.17911367571388145,0.34708894185697026,0.11385182912873106,0.11385182912873106
0.5255363941246789,0.17915574699266743,0.17915574699266743,0.34719787507620514,0.11388753162963092,0.11388753162963092
0.5256541844014457,0.17919766187264752,0.17919766187264752,0.347302318205038,0.1139231014074791,0.1139231014074791
0.5257606241522483,0.17923673240175142,0.17923673240175142,0.3474063737897935,0.11395853920099391,0.11395853920099391
0.5258666696817517,0.17927565822519195,0.17927565822519195,0.3475100439834944,0.11399384574342163,0.11399384574342163
0.5259723231760257,0.17931444014540351,0.17931444014540351,0.3476133309232445,0.11402902176258713,0.11402902176258713
0.5258957047987276,0.17928862170108611,0.17928862170108611,0.34752523385256445,0.11400514065847742,0.11400514065847742
0.5260248193423043,0.17933208184098032,0.17933208184098032,0.3476623139135353,0.11404719490905592,0.11404719490905592
0.5260932501616924,0.17935144610982848,0.17935144610982848,0.3477114391579708,0.11406371675024098,0.11406371675024098
0.5260980028648624,0.17935229389374166,0.17935229389374166,0.3477087492168469,0.11406145793457938,0.11406145793457938
0.5261027381588633,0.17935313857221924,0.17935313857221924,0.34770606912898716,0.11405920739296782,0.11405920739296782
0.526107456139175,0.1793539801622929,0.1793539801622929,0.3477033988403518,0.1140569650800276,0.1140569650800276
0.5261121569005804,0.17935481868086992,0.17935481868086992,0.34770073829729536,0.11405473095071125,0.11405473095071125
0.5261298512059204,0.17935961391348398,0.17935961391348398,0.34769808744656333,0.11405250496029952,0.11405250496029952
0.5262621997830504,0.17939205969307825,0.17939205969307825,0.34784420656586706,0.11408665070076202,0.11408665070076202
0.526364052609377,0.17941559708360652,0.17941559708360652,0.3479056198033753,0.11410003145495595,0.11410003145495595
0.5263730908413297,0.17942004887314714,0.17942004887314714,0.34788407321815523,0.11409460924568714,0.11409460924568714
0.5265091092157311,0.17945593357547027,0.17945593357547027,0.3480105578716126,0.11412537301185871,0.11412537301185871
0.5266446365490698,0.1794916887301316,0.1794916887301316,0.3481365859017723,0.11415602571750261,0.11415602571750261
0.5267296435632368,0.1795163200607187,0.1795163200607187,0.3482031722178808,0.11417275162560023,0.11417275162560023
0.5266776894152003,0.17951559104396725,0.17951559104396725,0.3481574982418746,0.11416790816535911,0.11416790816535911
0.5266309821895103,0.17950873912443868,0.17950873912443868,0.3480810848484336,0.11415082824209305,0.11415082824209305
0.5266152333634626,0.17951037885638,0.17951037885638,0.34804739318299044,0.11414375975383574,0.11414375975383574
0.5266016454823886,0.1795083284701972,0.1795083284701972,0.34799944690045453,0.11413089132721617,0.11413089132721617
0.5267435683143353,0.17954748895918135,0.17954748895918135,0.3481171982924899,0.11416094017445585,0.11416094017445585
0.5268849851825318,0.1795865098385791,0.1795865098385791,0.3482456707134306,0.1141940649870988,0.1141940649870988
0.5269000477356874,0.1795978409911138,0.1795978409911138,0.3482214582715709,0.11419176716723899,0.11419176716723899
0.5269150567806614,0.17960913189088643,0.17960913189088643,0.3481973318419381,0.11418947751014955,0.11418947751014955
0.5269426772423957,0.17962423720775816,0.17962423720775816,0.3481732909670202,0.11418719597241148,0.11418719597241148
0.5269701999325842,0.1796392890544817,0.1796392890544817,0.34814933519254454,0.1141849225109132,0.1141849225109132
